country,country_code,indicator,indicator_code,1990,1991,1992,1993,1994,1995,1996,1997,1998,1999,2000,2001,2002,2003,2004,2005,2006,2007,2008,2009,2010,2011,2012,2013,2014,2015,2016
Aruba,ABW,Individuals using the Internet (% of population),IT.NET.USER.ZS,0,,,,,,2.768382663,,,4.506179098,15.44282295,17.1,18.8,20.8,23,25.4,28,30.9,52,58,62,69,74,78.9,83.78,88.66122693,93.54245387
Afghanistan,AFG,Individuals using the Internet (% of population),IT.NET.USER.ZS,0,,,,,,,,,,,0.004722568,0.004561395,0.087891253,0.10580903,1.224148084,2.107123645,1.9,1.84,3.55,4,5,5.454545455,5.9,7,8.26,10.59572642
Angola,AGO,Individuals using the Internet (% of population),IT.NET.USER.ZS,0,,,,,,0.000775929,0.005673746,0.018453724,0.071964087,0.105045562,0.136013867,0.270376746,0.370682065,0.464814618,1.143366827,1.5,1.7,1.9,2.3,2.8,3.1,6.5,8.9,10.2,12.4,13
Albania,ALB,Individuals using the Internet (% of population),IT.NET.USER.ZS,0,,,,,0.011168695,0.032196828,0.048593919,0.06502737,0.081437045,0.114097347,0.325798377,0.390081273,0.971900415,2.420387798,6.043890864,9.609991316,15.03611541,23.86,41.2,45,49,54.65595904,57.2,60.1,63.2529327,66.3634447
Andorra,AND,Individuals using the Internet (% of population),IT.NET.USER.ZS,0,,,,,,1.526601023,3.050175385,6.886209218,7.635686143,10.53883561,,11.26046872,13.54641288,26.83795439,37.60576622,48.936847,70.87,70.04,78.53,81,81,86.43442462,94,95.9,96.91,97.93063712
Arab World,ARB,Individuals using the Internet (% of population),IT.NET.USER.ZS,0,,,,,0.017025049,0.037760688,0.131045577,0.261615115,0.59858215,1.139541123,1.56128817,2.693061013,3.645880783,7.006812461,8.393141725,11.65464792,14.20590224,18.59353118,21.5453539,24.5357799,26.64546408,30.27449059,32.98467854,36.48301358,39.86746329,42.02688726
United Arab Emirates,ARE,Individuals using the Internet (% of population),IT.NET.USER.ZS,0,,,,,0.102939175,0.375393534,3.295592694,6.908302986,14.94269899,23.62530088,26.2717542,28.31648531,29.47795341,30.13129617,40,52,61,63,64,68,78,84.9999915,88,90.4,90.5,90.60000732
Argentina,ARG,Individuals using the Internet (% of population),IT.NET.USER.ZS,0,,0.002992874,0.029527065,0.043705951,0.086277081,0.141954704,0.280339882,0.83076668,3.284481956,7.038683086,9.780807285,10.88212438,11.91369655,16.03668411,17.72058337,20.9272021,25.94663294,28.11262348,34,45,51,55.8,59.9,64.7,68.04306411,70.15076431
Armenia,ARM,Individuals using the Internet (% of population),IT.NET.USER.ZS,0,,,,0.009117014,0.052743123,0.094572902,0.111650935,0.128659478,0.970737757,1.300470022,1.631094667,1.960405046,4.575217225,4.899008571,5.252983352,5.631787777,6.021253397,6.21,15.3,25,32,37.5,41.9,54.62280586,59.10237771,62
American Samoa,ASM,Individuals using the Internet (% of population),IT.NET.USER.ZS,0,,,,,,,,,,,,,,,,,,,,,,,,,,
Antigua and Barbuda,ATG,Individuals using the Internet (% of population),IT.NET.USER.ZS,0,,,,,2.200768802,2.858449577,3.480536838,4.0717165,5.300681138,6.482225737,8.899285515,12.5,17.22864878,24.26654372,27,30,34,38,42,47,52,58,63.4,67.78,70,73
Australia,AUS,Individuals using the Internet (% of population),IT.NET.USER.ZS,0.585094712,1.097203891,1.768764913,1.974611016,2.232101254,2.759654513,3.27524987,16.36935838,30.81323944,40.7837839,46.75611561,52.68926643,,,,63,66,69.45,71.67,74.25,76,79.48769771,79,83.45349717,84,84.56051935,88.23865805
Austria,AUT,Individuals using the Internet (% of population),IT.NET.USER.ZS,0.130369377,0.259081553,0.642817619,0.76534273,1.393422968,1.890210524,6.909162353,9.533974317,15.42121932,23.0443171,33.73013295,39.18545018,36.56,42.7,54.28,58,63.6,69.37,72.87,73.45,75.17,78.7399931,80.02999392,80.6188,80.99582496,83.94014193,84.32333129
Azerbaijan,AZE,Individuals using the Internet (% of population),IT.NET.USER.ZS,0,,,,0.001431415,0.002055556,0.006354585,0.025187933,0.037485109,0.099228942,0.147757576,0.305564638,4.999713678,,,8.030375356,11.99217733,14.54,17.08,27.4,46,50,54.2,73.00000137,75.00001564,77,78.2
Burundi,BDI,Individuals using the Internet (% of population),IT.NET.USER.ZS,0,0,0,0,0,0,0.000803592,0.007979439,0.015842776,0.039204469,0.077248447,0.106001245,0.118228412,0.201273197,0.349060462,0.542142866,0.65759259,0.7,0.81,0.9,1,1.11,1.219999945,1.264218111,1.38,4.866224464,5.173626777
Belgium,BEL,Individuals using the Internet (% of population),IT.NET.USER.ZS,0.00100674,0.020072645,0.100041027,0.199446059,0.69599469,0.99166299,2.968411647,4.93808091,7.886622701,13.77221446,29.43169169,31.28839551,46.33,49.97,53.86,55.82,59.72,64.44,66,70,75,81.609996,80.71999055,82.1702,85,85.0529,86.5165
Benin,BEN,Individuals using the Internet (% of population),IT.NET.USER.ZS,0,,,,,,0.0016931,0.024648796,0.047877304,0.154906741,0.225247851,0.36341789,0.702945595,0.951327115,1.182540965,1.271031439,1.537854346,1.79,1.85,2.24,3.13,4.148323066,4.5,4.9,6,11.25498791,11.99404791
Burkina Faso,BFA,Individuals using the Internet (% of population),IT.NET.USER.ZS,0,,,,,,0.000960519,0.018686353,0.045423484,0.061780293,0.077080169,0.157732465,0.200992598,0.373440303,0.400295285,0.469914489,0.632707564,0.75,0.92,1.13,2.4,3,3.725034916,9.1,9.4,11.38764617,13.96
Bangladesh,BGD,Individuals using the Internet (% of population),IT.NET.USER.ZS,0,,,,,,,0.000751046,0.003684813,0.036170407,0.071039423,0.129807974,0.139920289,0.163877665,0.199036334,0.241637326,1,1.8,2.5,3.1,3.7,4.5,5,6.63,13.9,14.4,18.246938
Bulgaria,BGR,Individuals using the Internet (% of population),IT.NET.USER.ZS,0,,,0.002339042,0.019526669,0.119665549,0.725251167,1.219813132,1.844965121,2.908154025,5.370923469,7.612297749,9.08,12.04,18.13,19.97,27.09,33.64,39.67,45,46.23,47.97999305,51.89998767,53.0615,55.49,56.6563,59.82554766
Bahrain,BHR,Individuals using the Internet (% of population),IT.NET.USER.ZS,0,,,,,0.346205844,0.843254219,1.646299202,3.218202151,4.720358118,6.153732546,15.03863425,18.05072089,21.55494499,21.45868051,21.30373351,28.24395243,32.91,51.95,53,55,76.9999665,88,90.0000397,90.50313348,93.47830114,97.9999807
"Bahamas, The",BHS,Individuals using the Internet (% of population),IT.NET.USER.ZS,0,,,,,0.960030721,1.746950698,1.362953903,2.33559071,3.764557822,8,11.8,18,20,22,25,26,27,31.54,33.88,43,65,71.74820281,72,76.92,78,80
Bosnia and Herzegovina,BIH,Individuals using the Internet (% of population),IT.NET.USER.ZS,0,,,,,,0.015125563,0.059425563,0.14367106,0.1943742,1.08296075,1.200526951,2.648267914,3.965036834,15.46897162,21.326701,25.12238569,27.92,34.66,37.74,42.75,47.77,52.78,57.79,60.8,65.0655028,69.33100561
Belarus,BLR,Individuals using the Internet (% of population),IT.NET.USER.ZS,0,,,,0.000485951,0.002921254,0.029298294,0.049020891,0.073868897,0.494881245,1.860398126,4.300616022,8.950971315,,,,16.2,19.7,23,27.43,31.8,39.64889566,46.91,54.17,59.02,67.3,71.11304576
Belize,BLZ,Individuals using the Internet (% of population),IT.NET.USER.ZS,0,,,,,0.04539718,0.882807327,1.288582302,2.091516391,4.076740564,5.963835303,,5.684251214,,9.8,17,24,24.6,26.3,27.2,28.2,30.7,31,33.6,38.7,41.59,44.57574032
Bermuda,BMU,Individuals using the Internet (% of population),IT.NET.USER.ZS,0,,,,,6.838163465,16.20246602,24.18925674,32.10375935,39.94758876,42.94986002,47.5096999,52.03159737,56.52201218,60.99086701,65.44706579,69.89965516,74.35059403,82.3,83.25,84.21,88.336,91.29930452,95.3,96.8,98.32360965,98
Bolivia,BOL,Individuals using the Internet (% of population),IT.NET.USER.ZS,0,,,,,0.066807568,0.196081174,0.447839036,0.626484062,0.981815187,1.442763585,2.120462534,3.117192947,3.508596401,4.439924601,5.227583957,6.200671255,10.49924432,12.5,16.8,22.4,30,35.34,36.99,34.6,35.56227065,39.6975146
Brazil,BRA,Individuals using the Internet (% of population),IT.NET.USER.ZS,0,0.003288171,0.012946262,0.025498253,0.037672709,0.105138168,0.450789179,0.786079155,1.477874959,2.038732184,2.870685159,4.528494869,9.149425086,13.2075861,19.07367227,21.02274725,28.17838018,30.88,33.83,39.22,40.65,45.69,48.56,51.04,54.55100188,58.32795173,59.68274736
Barbados,BRB,Individuals using the Internet (% of population),IT.NET.USER.ZS,0,,,,,0.007752238,0.389464214,0.783428912,1.970249237,2.376247035,3.973678355,11.93645034,27.83632242,39.68962712,49.8,52.5,55.3,58.2,61.4,64.7,65.1,66.5,71.2,71.8,75.16,76.11,79.54939789
Brunei Darussalam,BRN,Individuals using the Internet (% of population),IT.NET.USER.ZS,0,,,,,1.017080166,3.303349927,4.831057905,6.284742844,7.671041206,8.996284534,12.91776908,15.32987986,19.59500322,29.71560414,36.46639195,42.18634916,44.68,46,49,53,56,60.27306504,64.5,68.77,71.2,75
Bhutan,BTN,Individuals using the Internet (% of population),IT.NET.USER.ZS,0,,,,,,,,,0.137571514,0.400944447,0.864628564,1.675802584,2.436912399,3.156984196,3.847106745,4.518317258,5.92,6.55,7.17,13.6,14.4,15.6,22.4,30.3,39.8,41.77264453
Botswana,BWA,Individuals using the Internet (% of population),IT.NET.USER.ZS,0,0,,,,0.064521041,0.15745423,0.30774685,0.602400929,1.122391474,2.902666622,3.430886787,3.385922351,3.345190174,3.304889253,3.262554036,4.289932975,5.28,6.25,6.15,6,9,16,30,36.74474744,37.31205037,39.36299738
Central African Republic,CAF,Individuals using the Internet (% of population),IT.NET.USER.ZS,0,,,,,,0.005849503,0.014270881,0.027878201,0.040894287,0.053394174,0.078543428,0.128537117,0.151563338,0.223401395,0.268195609,0.311159173,0.375815961,1,1.8,2,2.2,3,3.4,3.6,3.8,4
Canada,CAN,Individuals using the Internet (% of population),IT.NET.USER.ZS,0.360999701,0.570385926,0.91598104,1.184557509,2.378693853,4.163525253,6.76023965,15.07235736,24.8974003,36.18644004,51.3,60.2,61.59329927,64.2,65.95596346,71.66,72.4,73.2,76.7,80.3,80.3,83,83,85.8,87.12,88.47,89.84
Central Europe and the Baltics,CEB,Individuals using the Internet (% of population),IT.NET.USER.ZS,0,,,0.148650058,0.38928487,0.621930638,1.068195153,1.790093415,3.511563902,4.959357017,7.037650207,10.21536513,18.19417192,22.5126441,29.15044423,34.64729322,40.65876375,45.11428149,50.4833147,54.87022447,58.35016696,58.85739214,61.50954877,63.29097207,66.32785065,67.20136837,71.18731468
Switzerland,CHE,Individuals using the Internet (% of population),IT.NET.USER.ZS,0.595714223,1.17995597,1.751713322,2.167270203,2.720004329,3.552007211,4.549656748,15.1,24.8,34,47.1,55.1,61.4,65.1,67.8,70.1,75.7,77.2,79.2,81.3,83.9,85.19302818,85.2,86.34,87.4,87.4790556,89.4055681
Channel Islands,CHI,Individuals using the Internet (% of population),IT.NET.USER.ZS,,,,,,,,,,,,,,,,,,,,,,,,,,,
Chile,CHL,Individuals using the Internet (% of population),IT.NET.USER.ZS,0,,0.036548938,0.071783144,0.141084507,0.346980781,0.68347561,1.057092496,1.662322022,4.103419297,16.6,19.1,22.1,25.47377889,28.17791012,31.17534703,34.49775117,35.9,37.3,41.56,45,52.24960729,55.05,58,61.11,64.289,66.01
China,CHN,Individuals using the Internet (% of population),IT.NET.USER.ZS,0,,,0.00016868,0.001168115,0.00495471,0.013081692,0.032394861,0.168540297,0.708187957,1.775913207,2.639650215,4.595704331,6.2,7.3,8.523257003,10.52315262,16,22.6,28.9,34.3,38.3,42.30011749,45.8,47.9,50.3,53.2
Cote d'Ivoire,CIV,Individuals using the Internet (% of population),IT.NET.USER.ZS,0,,,,,0.000200256,0.00840978,0.018828361,0.060974439,0.118685917,0.231461671,0.395747702,0.497929361,0.758669629,0.849282415,1.039238205,1.524900791,1.8,1.9,2,2.7,2.9,5,12,19.2742298,21.88520842,26.52722561
Cameroon,CMR,Individuals using the Internet (% of population),IT.NET.USER.ZS,0,,,,,,,0.006768744,0.013216341,0.129067581,0.252120078,0.277051322,0.360871584,0.587622611,0.976075415,1.402654226,2.028744791,2.93,3.4,3.84,4.3,5,7.5,10,16.21487223,20.68014766,25
"Congo, Dem. Rep.",COD,Individuals using the Internet (% of population),IT.NET.USER.ZS,0,,,,,,0.000108207,0.000211213,0.000413065,0.001009076,0.005902114,0.011475782,0.092790702,0.134914837,0.196208375,0.238037799,0.29605361,0.37,0.44,0.56,0.72,1.2,1.679961015,2.2,3,3.799999507,6.20997406
"Congo, Rep.",COG,Individuals using the Internet (% of population),IT.NET.USER.ZS,0,,,,,,0.00352686,0.003469104,0.003415143,0.016791049,0.026354732,0.032223616,0.157249517,0.460014187,1.07750493,1.46342006,2.007990079,2.759704374,4.287509903,4.5,5,5.6,6.106695024,6.6,7.11,7.615974662,8.121949323
Colombia,COL,Individuals using the Internet (% of population),IT.NET.USER.ZS,0,,,,0.107173945,0.18804679,0.330017773,0.550521023,1.126225245,1.697730794,2.207532993,2.854199971,4.6,7.388923711,9.118690303,11.00726389,15.34167454,21.8,25.6,30,36.5,40.35091575,48.98,51.7,52.57,55.90497251,58.13649357
Comoros,COM,Individuals using the Internet (% of population),IT.NET.USER.ZS,0,,,,,,,0,0.03787097,0.148162964,0.271740607,0.443068373,0.554869675,0.84818937,1.327327178,2,2.2,2.5,3,3.5,5.1,5.5,5.975296308,6.5,6.98,7.459161386,7.938322771
Cabo Verde,CPV,Individuals using the Internet (% of population),IT.NET.USER.ZS,0,,,,,,,0.24096792,0.472735008,1.159982461,1.822443852,2.685332713,3.518757175,4.324885391,5.31883207,6.074087107,6.808911008,8.28321982,14,21,30,32,34.74,37.5,40.26,47.96162392,48.1652774
Costa Rica,CRI,Individuals using the Internet (% of population),IT.NET.USER.ZS,0,,0.001113325,0.081509754,0.279912479,0.416829206,0.84105704,1.640221288,2.666378698,3.904323257,5.800253023,9.559482135,19.89485113,20.33361481,20.79230671,22.07,25.1,28.4,32.29,34.33,36.5,39.212196,47.5,45.96,53,59.76295014,66.02871285
Caribbean small states,CSS,Individuals using the Internet (% of population),IT.NET.USER.ZS,0,,,,,0.193912108,0.554448786,0.904680903,1.943876388,3.379123195,4.940877784,8.357711431,11.82229681,14.97618472,16.89119229,19.48895869,22.34485257,24.4938787,27.72404741,31.92694997,35.74316613,42.42886142,42.85406873,45.58082237,48.63168348,50.84963316,53.74735161
Cuba,CUB,Individuals using the Internet (% of population),IT.NET.USER.ZS,0,,,,,9.17E-05,0.031949001,0.068220214,0.226699199,0.314690541,0.541182549,1.079751722,3.770585038,5.241269054,8.407984759,9.738062208,11.15960131,11.69,12.94,14.33,15.9,16.0172908,21.2,27.93,29.07018437,37.30509742,38.76586728
Curacao,CUW,Individuals using the Internet (% of population),IT.NET.USER.ZS,,,,,,,,,,,,,,,,,,,,,,,,,,,61.85551074
Cayman Islands,CYM,Individuals using the Internet (% of population),IT.NET.USER.ZS,0,,,0,0,3.948967193,,,,,,,,,,38.03438308,44.5,52,61,64.5,66,69.46594499,69.7,71.4,74.1,77,79
Cyprus,CYP,Individuals using the Internet (% of population),IT.NET.USER.ZS,0,,0.05006043,0.056367482,0.111034621,0.410120685,0.673343541,4.378272095,8.890539159,11.34239866,15.25539437,18.81875904,28.32,30.09,33.83,32.81,35.83,40.77,42.31,49.81,52.99,56.85989235,60.6898684,65.4548,69.33,71.7159,75.90036019
Czech Republic,CZE,Individuals using the Internet (% of population),IT.NET.USER.ZS,0,,,0.581319529,1.259217838,1.45357584,1.940378193,2.915698695,3.895906065,6.832802018,9.780527888,14.69717212,23.93,34.3,35.5,35.27,47.93,51.93,62.97,64.43,68.82,70.49,73.43000782,74.1104,74.23171164,75.6688387,76.48120138
Germany,DEU,Individuals using the Internet (% of population),IT.NET.USER.ZS,0.125892223,0.250274153,0.43528529,0.463635096,0.922541043,1.837737754,3.054805234,6.711087477,9.877852428,20.84598264,30.2163466,31.65093942,48.82,55.9,64.73,68.71,72.16,75.16,78,79,82,81.26999954,82.34999847,84.17,86.19,87.5898,89.64710059
Djibouti,DJI,Individuals using the Internet (% of population),IT.NET.USER.ZS,0,,,,,0.01603083,0.031166241,0.082941498,0.094696004,0.105761909,0.194500528,0.343526263,0.486971705,0.625940229,0.781317175,0.953611449,1.270041159,1.62,2.26,4,6.5,7,8.267232892,9.5,10.71,11.92243143,13.13491511
Dominica,DMA,Individuals using the Internet (% of population),IT.NET.USER.ZS,0,,,,,0.548762737,1.165518146,,2.925345191,2.932164377,8.814844198,13.24522804,18.42489277,23.62041985,30.31961309,38.54364326,39.3981743,40.27446301,41.16,42.02,47.45,48.6,49.8,51,57.5,65,67.03
Denmark,DNK,Individuals using the Internet (% of population),IT.NET.USER.ZS,0.097277268,0.194056515,0.386913951,0.578329976,1.34430775,3.82565642,5.714987841,11.38200494,22.66874615,30.59204065,39.17243086,42.95752472,64.25,76.26,80.93,82.74,86.65,85.03,85.02,86.84,88.72,89.81001339,92.26001172,94.6297,95.99,96.3305,96.96778525
Dominican Republic,DOM,Individuals using the Internet (% of population),IT.NET.USER.ZS,0,,,,,0.017233601,0.074987053,0.142687565,0.233914189,1.104743874,3.704692356,4.429390697,6.823725733,7.898392937,8.865553461,11.48319778,14.84492837,17.66,20.82,27.72,31.4,38,42.32,45.9,49.58,54.21576634,61.32819041
Algeria,DZA,Individuals using the Internet (% of population),IT.NET.USER.ZS,0,,,,0.000360674,0.001768954,0.001738533,0.010268463,0.020238555,0.199523843,0.491705679,0.646114017,1.59164126,2.195359731,4.634475088,5.843942092,7.375984956,9.451190626,10.18,11.23,12.5,14.9,18.2,22.5,29.5,38.2,42.94552688
East Asia & Pacific (excluding high income),EAP,Individuals using the Internet (% of population),IT.NET.USER.ZS,0,,,0.001162404,0.004032795,0.013044957,0.033709224,0.094262216,0.324176751,0.853351597,1.897115737,2.779090321,4.4049903,5.762101638,6.885265393,8.319143451,10.1739724,14.38269418,19.26013788,23.76924248,28.95757162,32.38576119,36.06834945,39.70893331,42.06223367,45.21010263,48.38662069
Early-demographic dividend,EAR,Individuals using the Internet (% of population),IT.NET.USER.ZS,0.000245348,,,,0.015019465,0.045440007,0.080640842,0.163499287,0.344094257,0.613109986,1.238858864,1.694673871,2.847867804,3.416897115,4.217151396,4.895428367,5.783498059,7.349261153,8.515810292,9.714252577,12.8497122,15.47751308,18.12402905,20.95397182,25.47772338,30.18655276,33.43606586
East Asia & Pacific,EAS,Individuals using the Internet (% of population),IT.NET.USER.ZS,0.007288276,,,0.079277922,0.1173821,0.209577898,0.464733741,1.079850356,1.882787353,3.406408274,5.592679876,7.252166109,8.993587818,10.54724365,12.59696421,14.66635904,16.61782757,20.76652345,25.25356621,29.51319761,34.23083831,37.36515597,40.70934549,44.57734943,46.81210321,49.78792365,52.79632079
Europe & Central Asia (excluding high income),ECA,Individuals using the Internet (% of population),IT.NET.USER.ZS,0,,,0.01052411,0.040792597,0.094254251,0.196868602,0.378006267,0.707576244,1.142024052,2.02351501,2.977254104,5.155372985,7.483845455,10.97617698,12.71155732,15.27049928,20.62189979,24.12924842,27.73955451,35.8844807,40.78720278,48.70394172,52.87030902,56.90141989,60.26405601,63.67274985
Europe & Central Asia,ECS,Individuals using the Internet (% of population),IT.NET.USER.ZS,0.048116387,,0.26259039,0.317773161,0.56486695,1.024012542,1.842912446,3.360348354,5.435921912,9.244019958,13.18414667,16.40556932,23.05751932,28.36337423,32.35908587,35.22693223,38.0834867,43.6743815,47.35904473,50.56603842,56.11911733,58.83463039,63.48625344,66.30666862,68.94435122,71.16200267,73.91475073
Ecuador,ECU,Individuals using the Internet (% of population),IT.NET.USER.ZS,0,,0.005118035,0.016400751,0.034833586,0.043833641,0.086161276,0.110217959,0.125272771,0.823371634,1.462188536,2.670443674,4.260796915,4.460228345,4.834442638,5.994255161,7.2,10.8,18.8,24.6,29.03,31.36680836,35.13514645,40.27912194,45.59039067,48.94043379,54.06292473
"Egypt, Arab Rep.",EGY,Individuals using the Internet (% of population),IT.NET.USER.ZS,0,,,0.000975791,0.00638327,0.031319638,0.061466899,0.090480245,0.147987377,0.290445278,0.641265038,0.838945611,2.719999715,4.037885107,11.92,12.75,13.66,16.03,18.01,20,21.6,25.6,26.4,29.4,33.89460391,37.81938343,39.21381268
Euro area,EMU,Individuals using the Internet (% of population),IT.NET.USER.ZS,0.072800552,0.169739704,0.326614548,0.469641301,0.848076676,1.702974724,2.88294745,5.10987806,8.017171227,15.24045122,22.52433935,27.35140305,35.19146552,42.09642319,47.48458595,51.26050914,54.93650079,61.38304967,64.84360952,67.12982995,71.03672239,72.00116351,74.09213619,75.8215601,77.00232229,78.66634567,80.44672593
Eritrea,ERI,Individuals using the Internet (% of population),IT.NET.USER.ZS,0,,,0,0,0,0,0.009017718,0.008774236,0.025495028,0.136711941,0.157815289,0.227090138,,,,,0.41,0.47,0.54,0.61,0.7,0.8,0.9,0.99,1.083733116,1.17711872
Spain,ESP,Individuals using the Internet (% of population),IT.NET.USER.ZS,0.012873564,0.025686194,0.076845453,0.127689668,0.280069738,0.380800728,1.331847404,2.803319625,4.361892394,7.085039678,13.62496081,18.14872269,20.39,39.93,44.01,47.88,50.37,55.11,59.6,62.4,65.8,67.08999939,69.80999994,71.635,76.19,78.6896,80.56133294
Estonia,EST,Individuals using the Internet (% of population),IT.NET.USER.ZS,0,,0.065484797,0.300711282,1.159750913,2.778968489,3.525111129,5.706276548,10.79603483,14.50089724,28.57695381,31.52748977,41.52,45.32,53.2,61.45,63.51,66.19,70.58,72.5,74.1,76.5,78.38992593,80.0043,84.24152803,88.4118116,87.23733209
Ethiopia,ETH,Individuals using the Internet (% of population),IT.NET.USER.ZS,0,,,,,1.75E-05,0.001703448,0.00496672,0.009663517,0.012541599,0.015263767,0.037162381,0.072402262,0.105811659,0.155334521,0.219659819,0.310592657,0.37,0.45,0.54,0.75,1.1,2.9,4.6,7.7,11.6,15.36692386
European Union,EUU,Individuals using the Internet (% of population),IT.NET.USER.ZS,0.069361282,0.171911193,0.310568781,0.433902297,0.82739372,1.582130617,2.806457334,5.120836791,8.421417268,14.58429029,20.55940998,25.30297638,35.14328399,41.82952699,46.83954355,50.9828551,54.55750152,60.30685328,64.20183012,67.22443226,70.64052739,71.51902351,73.70615192,75.54283683,77.11399141,78.4329,80.76910503
Fragile and conflict affected situations,FCS,Individuals using the Internet (% of population),IT.NET.USER.ZS,0,,,,,,,0.035524552,0.072648327,0.126237237,0.256229659,0.251189716,0.525203206,0.748110227,1.053189587,1.478161836,1.891137518,3.06826837,2.989970615,3.879269613,6.224176842,6.890273856,8.506711308,10.32296526,12.40530672,15.4929314,17.49388301
Finland,FIN,Individuals using the Internet (% of population),IT.NET.USER.ZS,0.40108767,1.397439332,1.88687977,2.568461349,4.915098554,13.90030389,16.78007526,19.4586828,25.45252493,32.29509229,37.24846174,43.10536335,62.43,69.22,72.39,74.48,79.66,80.78,83.67,82.49,86.89,88.70999491,89.87999797,91.5144,86.53039275,86.42213333,87.70364996
Fiji,FJI,Individuals using the Internet (% of population),IT.NET.USER.ZS,0,,,0.006678447,0.007907399,0.009115343,0.064437142,0.223454842,0.633167865,0.942462063,1.496854734,1.857978594,6.1526497,6.725434738,7.412943485,8.453636634,9.6000384,10.89783105,13,17,20,28,33.74235675,35.2,37.4,42.5,46.50697831
France,FRA,Individuals using the Internet (% of population),IT.NET.USER.ZS,0.052777862,0.140113895,0.279049463,0.590619383,0.899867425,1.637947245,2.584033979,4.255003872,6.319778722,9.125317889,14.30792394,26.32590355,30.18,36.14,39.15,42.87,46.87,66.09,70.68,71.58,77.28,77.81999899,81.44,81.9198,83.75,84.6945,85.62219995
Faroe Islands,FRO,Individuals using the Internet (% of population),IT.NET.USER.ZS,0,,,,,0,2.318786811,4.601297566,11.33786848,22.29753835,32.91639236,43.24698352,53.29922183,58.91264097,66.53359947,67.90263174,69.35944512,75.98,75.57,75.18,75.2,80.7321728,85.33518924,90,93.3,94.2,95.10868167
"Micronesia, Fed. Sts.",FSM,Individuals using the Internet (% of population),IT.NET.USER.ZS,0,,,,,,0.278037795,0.570676845,1.858718785,2.797594069,3.734862137,4.660527199,5.570099705,9.2325021,11.01786731,11.8813691,12.75033925,13.62113273,14.49,15.35,20,22.8,25.974423,27.8,29.65,31.50108128,33.35216255
Gabon,GAB,Individuals using the Internet (% of population),IT.NET.USER.ZS,0,,,,,,0,0.047999009,0.17012488,0.249009564,1.216140618,1.347620222,1.939530106,2.659586594,2.9790698,4.89326475,5.489200803,5.767004576,7.5,9.5,13,18,24,30.53803344,38.07120929,45.78453653,48.05227375
United Kingdom,GBR,Individuals using the Internet (% of population),IT.NET.USER.ZS,0.087355319,0.174230922,0.260615159,0.519762001,1.036609166,1.895168284,4.123650336,7.385398957,13.6699831,21.29363827,26.82175435,33.48109487,56.48,64.82,65.61,70,68.82,75.09,78.39,83.56,85,85.37999855,87.47999842,89.8441,91.61,92.0003,94.77580063
Georgia,GEO,Individuals using the Internet (% of population),IT.NET.USER.ZS,0,,,,,0.011836885,0.040065419,0.060930333,0.102830957,0.416343567,0.484746299,0.992344436,1.58787563,2.558816481,3.886221354,6.079457629,7.526876845,8.26,10.01,20.07,26.9,31.52,36.94,43.3,44,47.56975964,50.00163739
Ghana,GHA,Individuals using the Internet (% of population),IT.NET.USER.ZS,0,,,,,0.000347918,0.005648763,0.027537542,0.032240443,0.104895466,0.153615298,0.20000806,0.830284034,1.193057911,1.716797704,1.831197461,2.723175973,3.85,4.27,5.44,7.8,9,10.6,15,25.51773743,31.44785241,34.66600065
Gibraltar,GIB,Individuals using the Internet (% of population),IT.NET.USER.ZS,0,,,,,,,2.662907268,4.183794329,5.936978297,19.13163812,21.17110944,23.67023975,28.32577979,32.88608261,39.07013088,45.29864751,51.61,58,65.07,65,65,65.017,,,,94.44447158
Guinea,GIN,Individuals using the Internet (% of population),IT.NET.USER.ZS,0,,,,0.000138318,0.000668589,0.001948942,0.003803109,0.006203369,0.060808919,0.095424924,0.175541868,0.402022749,0.450960371,0.508819332,0.542254181,0.637492123,0.780025279,0.92,0.94,1,2,3.1,4.5,6.4,8.2,9.8
"Gambia, The",GMB,Individuals using the Internet (% of population),IT.NET.USER.ZS,0,,,,,0.009217541,0.03550736,0.051311347,0.206094461,0.715827015,0.921794919,1.336791166,1.796779883,2.436781193,3.308003478,3.799001139,5.237691158,6.205037419,6.88,7.63,9.2,10.8703,12.44922872,14,15.56,16.5,18.5
Guinea-Bissau,GNB,Individuals using the Internet (% of population),IT.NET.USER.ZS,0,,,,,,,0.016389063,0.024060421,0.117702448,0.230103171,0.299569145,1.022993234,1.354197478,1.808142203,1.901365316,2.057196705,2.206302237,2.354888711,2.303280592,2.45,2.672,2.893990621,3.1,3.32,3.540706917,3.761413832
Equatorial Guinea,GNQ,Individuals using the Internet (% of population),IT.NET.USER.ZS,0,,,,,,,0.041462292,0.094423774,0.097415945,0.132354665,0.165260423,0.321197997,0.520524272,0.843930285,1.149789671,1.279193596,1.557123059,1.82,2.13,6,11.5,13.94318219,16.4,18.86,21.31999999,23.77999997
Greece,GRC,Individuals using the Internet (% of population),IT.NET.USER.ZS,0,0.048788803,0.048291602,0.191062242,0.378174312,0.749616477,1.395360779,1.849634688,3.221821786,6.877292144,9.138837308,10.93502581,14.67,17.8,21.42,24,32.25,35.88,38.2,42.4,44.4,51.64999517,55.06999344,59.8663,63.21,66.835,69.08791547
Grenada,GRD,Individuals using the Internet (% of population),IT.NET.USER.ZS,0,0,0,0,0,0,0.298032982,0.990883868,1.484854484,2.473166147,4.063907991,5.128103982,14.75884055,18.64518218,19.57062058,20.48780488,21.39599117,22.29,23.18,24.05,27,30,32,35,51.6,53.81,55.85640782
Greenland,GRL,Individuals using the Internet (% of population),IT.NET.USER.ZS,0,,,,0.064712121,0.053940342,1.796719191,7.954504682,14.65444717,21.60261331,31.74781123,35.46413689,44.15478903,54.53425983,56.09901476,57.7034045,59.36168727,61.07,62.82,62.83,63,64,64.8960101,65.8,66.7,67.60044348,68.50087368
Guatemala,GTM,Individuals using the Internet (% of population),IT.NET.USER.ZS,0,,,,,0.002998005,0.019534871,0.095476021,0.466590444,0.592652945,0.712332905,1.738201782,3.39174627,4.548854908,5.1,5.7,6.5,7.3,8.3,9.3,10.5,12.3,16,19.7,23.4,28.80594156,34.50932609
Guam,GUM,Individuals using the Internet (% of population),IT.NET.USER.ZS,0,,,,0.34845391,0.659530909,1.356106888,2.344571647,4.50128419,8.497176323,16.11312704,25.38022753,31.19229426,33.71668179,36.16178784,38.55987756,43.851443,46.15047362,48.41870215,50.64202838,54.04,57.7,61.53415931,65.4,69.27,73.13999995,77.00999989
Guyana,GUY,Individuals using the Internet (% of population),IT.NET.USER.ZS,0,,,,,,0.065854115,0.131828033,0.26408811,3.966354735,6.611491566,13.2069865,,,,,,13.8,18.2,23.9,29.9,30,30.5,31,32,34,35.66
High income,HIC,Individuals using the Internet (% of population),IT.NET.USER.ZS,0.263936355,0.462499304,0.719898539,1.003597445,2.007949396,3.680612782,6.702115061,10.57014903,15.86887885,22.90730354,30.68940041,36.75679074,45.22569939,49.93377238,55.08836368,58.78201409,61.47318205,66.89039551,68.9804592,70.19016321,72.28041398,72.81945686,75.52501024,76.84275735,78.47228334,80.01466401,81.96771473
"Hong Kong SAR, China",HKG,Individuals using the Internet (% of population),IT.NET.USER.ZS,0,0.120955444,0.849527883,1.334568031,2.784198266,3.218635643,4.748838672,10.51875705,14.54597958,21.23068197,27.82776068,38.67140323,43.08238303,52.20004335,56.39988039,56.9,60.8,64.8,66.7,69.4,72,72.2,72.9,74.2,79.86627043,84.94835296,87.30034325
Honduras,HND,Individuals using the Internet (% of population),IT.NET.USER.ZS,0,,,,,0.036775252,0.043711246,0.170996468,0.301247214,0.573575476,1.203855999,1.415281931,2.597402597,4.8,5.6,6.5,7.8,9.4,9.6,9.8,11.09,15.9,18.12,17.8,19.08,27.61981381,30
Heavily indebted poor countries (HIPC),HPC,Individuals using the Internet (% of population),IT.NET.USER.ZS,0,,,,,,0.008727645,0.023895629,0.043738561,0.106459854,0.173378289,0.257622535,0.395052416,0.604411963,0.914567047,1.213447385,1.557895614,2.42662065,2.527283286,3.153333335,4.929978865,5.408633106,6.684817621,8.144383999,10.45985432,13.14204507,15.66787585
Croatia,HRV,Individuals using the Internet (% of population),IT.NET.USER.ZS,0,,,0.097213389,0.268318997,0.51402859,0.858982368,1.729609312,3.273220279,4.405359119,6.644882544,11.55857318,17.76,22.75,30.91,33.14,37.98,41.44,44.24,50.58,56.55,57.78997899,61.93997315,66.7476,68.57,69.8031,72.69730605
Haiti,HTI,Individuals using the Internet (% of population),IT.NET.USER.ZS,0,,,,,,0.007484253,,0.023999477,0.070658478,0.231270715,0.340832326,0.893432988,1.647358346,5.401261908,6.376201635,6.796000481,7.2,7.6,8.1,8.37,9,9.8,10.6,11.4,12.1977,12.23260161
Hungary,HUN,Individuals using the Internet (% of population),IT.NET.USER.ZS,0,0.00338263,0.048353421,0.193414395,0.483580975,0.677486054,0.969239536,1.942449872,3.894643278,5.857840749,6.999676351,14.5285543,16.67,21.63,27.74,38.97,47.06,53.3,61,62,65,68.01998789,70.57999815,72.6439,75.65319745,72.8347,79.25940132
IBRD only,IBD,Individuals using the Internet (% of population),IT.NET.USER.ZS,0,,,0.008159594,0.019165727,0.051437513,0.110511008,0.21892805,0.495190259,0.97083138,1.87756878,2.700212556,4.514161862,5.796839027,7.414439744,8.72443087,10.57053088,13.79782553,17.02652925,20.38988458,24.94079166,28.44457913,32.20938819,35.30551132,38.92146544,42.85349465,46.01083884
IDA & IBRD total,IBT,Individuals using the Internet (% of population),IT.NET.USER.ZS,0,,,,0.018579872,0.046160567,0.09338656,0.179754833,0.40305662,0.782473997,1.566787143,2.197522612,3.681174232,4.798855852,6.144099038,7.267193899,8.902186815,11.49034288,14.14163501,16.89018923,20.62683645,23.48558362,26.65651077,29.35413571,32.73801851,36.35704342,39.27510594
IDA total,IDA,Individuals using the Internet (% of population),IT.NET.USER.ZS,0,,,,,,0.005873208,0.018167919,0.035375282,0.077785442,0.166509531,0.385826689,0.714071848,1.276757057,1.70018887,2.211000325,2.93174836,3.729813343,4.242521774,5.026951484,6.542364818,7.511579084,9.010179575,10.79158576,13.70059993,16.61567364,19.07087508
IDA blend,IDB,Individuals using the Internet (% of population),IT.NET.USER.ZS,0,,,,,,0.007096642,0.025515438,0.04499245,0.082889063,,0.730694526,1.432482929,2.760839033,3.562512176,4.519465473,5.588547534,6.360702095,7.110425343,8.097057985,9.544382103,11.20902312,13.16025464,15.28046583,17.59741912,21.01185758,22.99712557
Indonesia,IDN,Individuals using the Internet (% of population),IT.NET.USER.ZS,0,,,,0.001059744,0.026109477,0.056623989,0.194910264,0.255306646,0.444415936,0.925563864,2.018613859,2.134135733,2.38701978,2.600285876,3.602024763,4.764813134,5.786274729,7.917479385,6.92,10.92,12.28,14.52,14.94,17.14,21.97606771,25.36630059
IDA only,IDX,Individuals using the Internet (% of population),IT.NET.USER.ZS,0,,,,,,,0.013845423,0.029895529,0.075113785,0.139682619,0.211033877,0.349689794,0.52830945,0.763281566,1.044376164,1.505880081,2.410415284,2.733550552,3.41230573,5.023491846,5.644466483,6.914035989,8.550002718,11.75419979,14.42091292,17.11161059
Isle of Man,IMN,Individuals using the Internet (% of population),IT.NET.USER.ZS,,,,,,,,,,,,,,,,,,,,,,,,,,,
India,IND,Individuals using the Internet (% of population),IT.NET.USER.ZS,0,,0.000111308,0.000218176,0.001069562,0.026228879,0.046333977,0.070767849,0.139027329,0.273224277,0.52753245,0.660146377,1.537875582,1.686489971,1.976136492,2.388075,2.805499865,3.95,4.38,5.12,7.5,10.07,12.58006091,15.1,21,26,29.54716289
Not classified,INX,Individuals using the Internet (% of population),IT.NET.USER.ZS,,,,,,,,,,,,,,,,,,,,,,,,,,,
Ireland,IRL,Individuals using the Internet (% of population),IT.NET.USER.ZS,0,0.056796044,0.169686377,0.281141005,0.558377222,1.108386328,2.199301832,4.08825507,8.096010043,10.93380859,17.85046724,23.13881219,25.85,34.31,36.99,41.61,54.82,61.15832455,65.34,67.38,69.85,74.88997297,76.91999254,78.2477,79.69,80.1224,82.1697
"Iran, Islamic Rep.",IRN,Individuals using the Internet (% of population),IT.NET.USER.ZS,0,,,,0.000408332,0.004179752,0.01582608,0.046756094,0.099815221,0.378569095,0.93419002,1.484221332,4.626175115,6.933721953,7.49,8.1,8.76,9.47,12.02,13.8,15.9,19,22.73,29.95,39.35,45.33497588,53.22677263
Iraq,IRQ,Individuals using the Internet (% of population),IT.NET.USER.ZS,0,,,,,,,,,,,0.1,0.5,0.6,0.9,0.9,0.952344244,0.93,1,1.06,2.5,5,7.1,9.2,13.21,17.22,21.23
Iceland,ISL,Individuals using the Internet (% of population),IT.NET.USER.ZS,0,0.505129002,1.53916008,2.667825265,6.794811784,11.2158757,14.80647932,27.47886875,36.2642065,41.29456671,44.47053382,49.39299537,79.12,83.14,83.88,87,89.51,90.6,91,93,93.39,94.8196868,96.20979955,96.5468,98.16,98.2,98.2400163
Israel,ISR,Individuals using the Internet (% of population),IT.NET.USER.ZS,0.110773866,0.2146241,0.310579197,0.398833333,0.57696646,0.93042297,2.1683676,4.399405482,10.30706995,13.43612191,20.87379,17.37862386,17.76459906,19.59339366,22.77048553,25.19404242,27.88107446,48.12806219,59.39,63.12,67.5,68.87387799,70.8,70.25031195,75.01775316,77.35208966,79.77879126
Italy,ITA,Individuals using the Internet (% of population),IT.NET.USER.ZS,0.017544562,0.035063256,0.070053433,0.122462053,0.192304619,0.524412787,1.023289903,2.276737834,4.558519565,14.37841019,23.11087424,27.22211698,28.04,29.04,33.24,35,37.99,40.79,44.53,48.83,53.68,54.3899983,55.82999799,58.4593,55.63846022,58.14173496,61.32425277
Jamaica,JAM,Individuals using the Internet (% of population),IT.NET.USER.ZS,0,,,,0.036817104,0.109487986,0.591145842,0.797797441,1.978726318,2.355688556,3.115778027,3.863020387,6.1,7.8,10,12.8,16.4,21.1,23.6,24.3,27.67,37.43861341,33.79,37.1,40.4027351,42.22122119,45
Jordan,JOR,Individuals using the Internet (% of population),IT.NET.USER.ZS,0,,,,,0.02323392,0.044938549,0.599341106,1.305888264,2.526965353,2.623275422,4.705719581,6.025532412,8.466005016,11.65874137,12.93285205,13.86710879,20,23,26,27.2,34.9,37,41.4,46.2,60.11438269,62.30219257
Japan,JPN,Individuals using the Internet (% of population),IT.NET.USER.ZS,0.020293683,0.040438041,0.096678025,0.401277526,0.799684291,1.594363148,4.372981968,9.16307714,13.41404088,21.39129031,29.99074036,38.53206086,46.59420112,48.43526589,62.39392963,66.9210661,68.68527032,74.3,75.4,78,78.21,79.05411352,79.4964,88.21942891,89.10683302,91.05802839,92
Kazakhstan,KAZ,Individuals using the Internet (% of population),IT.NET.USER.ZS,0,,,,0.000521079,0.011302355,0.031824512,0.064596754,0.131069604,0.464277218,0.668594403,1.006124211,1.674770995,2.000414753,2.650394657,2.961707492,3.268369051,4.02,11,18.2,31.6,50.6,53.31566912,63,66,72.9,76.8
Kenya,KEN,Individuals using the Internet (% of population),IT.NET.USER.ZS,0,,,,,0.000727482,0.008839115,0.034406051,0.050261388,0.114256028,0.318059714,0.619782266,1.207773885,2.941902861,3.023528042,3.101897702,3.6,4.4,5.2,6.1,7.2,8.8,10.5,13,16.5,21,26
Kyrgyz Republic,KGZ,Individuals using the Internet (% of population),IT.NET.USER.ZS,0,,,,,,,,0.072808334,0.20471135,1.041401145,3.002941327,2.99926518,3.908766268,5.090385307,10.53380134,12.306907,14.03,15.7,16,16.3,17.5,19.8,23,28.3,30.24704278,34.5
Cambodia,KHM,Individuals using the Internet (% of population),IT.NET.USER.ZS,0,,,,,,,0.005844911,0.016324986,0.031969578,0.04702264,0.076956056,0.226983238,0.260570198,0.300436644,0.317321781,0.46835672,0.49,0.51,0.53,1.26,3.1,4.94,6.8,14,19,25.5706868
Kiribati,KIR,Individuals using the Internet (% of population),IT.NET.USER.ZS,0,,,,,,,,0.616545618,1.211577838,1.785225474,2.337458948,2.5,3,3.5,4,4.5,6,7,8.97,9.07,10,10.74679768,11.5,12.25,12.99748389,13.7
St. Kitts and Nevis,KNA,Individuals using the Internet (% of population),IT.NET.USER.ZS,0,,,,,,1.945569823,2.258559942,3.343810607,4.400440044,5.86281024,7.714726556,21.15238176,22.96978429,24.73767754,34,38.5,43.5,49.2,55.7,63,63.2,64,64.6,68,75.7,76.81767491
"Korea, Rep.",KOR,Individuals using the Internet (% of population),IT.NET.USER.ZS,0.023265092,0.046124435,0.098404337,0.249946523,0.311359364,0.81968667,1.624237192,3.600801564,6.781815468,23.55219445,44.7,56.6,59.4,65.5,72.7,73.5,78.1,78.8,81,81.6,83.7,83.75912015,84.07,84.77,87.55682649,89.64863086,92.71654537
Kuwait,KWT,Individuals using the Internet (% of population),IT.NET.USER.ZS,0,,,0.091082245,0.147162703,0.202898433,0.855662317,2.174535859,3.052397455,4.756222209,6.731395768,8.551792434,10.24896793,22.40293838,22.92711204,25.92610837,28.79119795,34.8,42,50.8,61.4,65.76907069,70.45,75.46,78.7,77.52326901,78.36738376
Latin America & Caribbean (excluding high income),LAC,Individuals using the Internet (% of population),IT.NET.USER.ZS,0,,0.01268217,0.028073334,0.04664973,0.098826712,0.283597506,0.566319152,1.158766986,1.897093647,3.400631327,5.08869514,8.344575637,10.69722112,13.84810843,16.0539116,20.1969995,23.1934153,25.96640769,30.52083211,34.19612572,38.75322048,42.51679061,45.62016216,48.07666979,53.69638486,55.80569206
Lao PDR,LAO,Individuals using the Internet (% of population),IT.NET.USER.ZS,0,,,,,,,,0.009657814,0.037780708,0.111044032,0.181664461,0.267899241,0.333912466,0.36143449,0.85035749,1.169893428,1.64,3.55,6,7,9,10.74767619,12.5,14.26,18.2,21.87
Lebanon,LBN,Individuals using the Internet (% of population),IT.NET.USER.ZS,0,,,,,0.071617991,0.140166939,1.241079739,2.722352199,5.376809498,7.952743736,6.783219775,7,8,9,10.14,15,18.74,22.53,30.14,43.68,52,61.24978572,70.5,73,74,76.11
Liberia,LBR,Individuals using the Internet (% of population),IT.NET.USER.ZS,0,,,,,,,0.004489443,0.004099387,0.011328732,0.017702706,0.033812227,0.032713307,0.031868935,0.031011185,,,0.551376581,0.53,2,2.3,2.5,2.6,3.2,5.41,5.903867603,7.319106411
Libya,LBY,Individuals using the Internet (% of population),IT.NET.USER.ZS,0,,,,,,,,,0.133617289,0.187042622,0.366533175,2.244418222,2.814517987,3.532838162,3.917787977,4.301051789,4.721999379,9,10.8,14,14,,16.5,17.76,19.01607978,20.27215956
St. Lucia,LCA,Individuals using the Internet (% of population),IT.NET.USER.ZS,0,,,,,0.305656686,0.670465974,0.992168483,1.304988973,1.932105802,5.090483341,8.181863954,14.64183577,20.98247346,21.39521236,21.56758295,24.5,27.9,32,36,43.3,44,45.9,46.2,50,42.53093047,46.72907806
Latin America & Caribbean,LCN,Individuals using the Internet (% of population),IT.NET.USER.ZS,0,,0.013685007,0.029908499,0.050067812,0.110083608,0.308723256,0.609594648,1.229663219,2.052489634,3.90371304,5.650753691,8.887349945,11.28715318,14.40238707,16.62978984,20.75263406,23.70293508,26.50047906,31.03430413,34.70962205,39.34647041,43.18401808,46.26188277,48.76919872,54.27973293,56.3731135
Least developed countries: UN classification,LDC,Individuals using the Internet (% of population),IT.NET.USER.ZS,0,,,,,,,0.008505521,0.021008731,0.057144926,0.099376278,0.144621021,0.236191173,0.355488405,0.5546596,0.783962452,1.11724541,1.922990045,2.122367034,2.705371626,4.271479294,4.799939353,6.060082411,7.538075538,10.46735545,13.024301,15.61489627
Low income,LIC,Individuals using the Internet (% of population),IT.NET.USER.ZS,0,,,,,,0.003233658,0.011463259,0.028000461,0.072117145,0.11352208,0.173008184,0.258451655,0.42162832,0.663063491,0.910523758,1.135463094,1.359597756,1.869947827,2.366428996,3.25984344,3.724865106,4.709011385,6.055549384,7.712589106,10.24668598,12.4974282
Liechtenstein,LIE,Individuals using the Internet (% of population),IT.NET.USER.ZS,0,,,,,,,,,,36.51522989,45.11685265,59.47071067,58.80969184,64.00744814,63.37135615,64.21416136,65.08021844,70,75,80,85,89.4077,93.8,95.21,96.6411951,98.09390389
Sri Lanka,LKA,Individuals using the Internet (% of population),IT.NET.USER.ZS,0,,,,0.002765448,0.005484436,0.054464499,0.162464548,0.296351104,0.348414425,0.647410011,0.793821864,1.050422706,1.458580228,1.44615998,1.792046794,2.537566129,3.88,5.8,8.78,12,15,18.2854,21.9,25.8,29.98873755,32.05100274
Lower middle income,LMC,Individuals using the Internet (% of population),IT.NET.USER.ZS,0,,,,0.00211151,0.022386695,0.039000537,0.074842385,0.160372318,0.280821339,0.559819699,0.874326169,1.60281996,2.114503305,2.919588033,3.678297926,4.587786344,5.832043017,6.881584929,7.989348088,10.95922964,13.16760068,15.69527165,18.30726638,22.68924498,26.82199842,29.85231927
Low & middle income,LMY,Individuals using the Internet (% of population),IT.NET.USER.ZS,0,,,,0.014043951,0.038877959,0.079482833,0.157852763,0.361929942,0.723486323,1.454681967,2.066137889,3.469199261,4.554734016,5.850364639,6.935330862,8.52514123,11.09854981,13.7263602,16.44168205,20.16898745,23.02191669,26.20614616,29.03944261,32.42386616,36.07030587,38.97862796
Lesotho,LSO,Individuals using the Internet (% of population),IT.NET.USER.ZS,0,,,,,,0.00284594,0.005584433,0.010956533,0.05380446,0.21180607,0.261150063,1.083943137,1.53249659,2.175524339,2.580245484,2.979708187,3.44543126,3.58,3.72,3.86,7,10,15,22,25,27.36
Late-demographic dividend,LTE,Individuals using the Internet (% of population),IT.NET.USER.ZS,0,,,0.009994489,0.027812187,0.059479437,0.140571361,0.269394428,0.629712693,1.266736041,2.470598454,3.560441058,5.912992725,8.028516883,10.38294991,12.2902609,15.13908924,19.97713169,25.1973721,30.59625211,36.03289925,40.04408369,44.63918441,48.32323988,50.88295882,53.58581251,56.5438381
Lithuania,LTU,Individuals using the Internet (% of population),IT.NET.USER.ZS,0,,,,,,0.277421291,0.978422157,1.972063745,2.9230547,6.427067495,7.179356994,17.69,25.91,31.23,36.22,43.9,49.9,55.22,59.76,62.12,63.6399774,67.22998933,68.4529,72.13,71.378,74.37664556
Luxembourg,LUX,Individuals using the Internet (% of population),IT.NET.USER.ZS,0,,0.153198791,0.302155121,0.496486119,1.590941911,5.551653306,7.142704085,11.74555372,17.3879578,22.88732797,36.16342251,39.84,54.55,65.88,70,72.51,78.92,82.23,87.31,90.62,90.02985856,91.94992374,93.7765,94.67,97.3341,97.49393019
Latvia,LVA,Individuals using the Internet (% of population),IT.NET.USER.ZS,0,,,,,,0.812717072,2.053454712,3.315267886,4.387409055,6.319062083,7.219345808,21.94,26.98,38.58,46,53.63,59.17,63.41,66.84,68.42,69.74995456,73.11994377,75.2344,75.83,79.2006,79.88937141
"Macao SAR, China",MAC,Individuals using the Internet (% of population),IT.NET.USER.ZS,0,,,,0.036993376,0.280014086,0.727273598,2.364127672,7.003324245,9.212005085,13.60858974,22.52121677,25.17188016,25.74212398,31.48409738,34.86292717,46.4,47.327,49.24,54,55.198,60.20369672,61.31,65.8,69.78,77.60013186,81.64298546
St. Martin (French part),MAF,Individuals using the Internet (% of population),IT.NET.USER.ZS,,,,,,,,,,,,,,,,,,,,,,,,,,,
Morocco,MAR,Individuals using the Internet (% of population),IT.NET.USER.ZS,0,,,,,0.003710492,0.005675444,0.021635203,0.142300767,0.175595345,0.693791245,1.371438101,2.373253192,3.353366681,11.60793477,15.08444452,19.77119157,21.5,33.1,41.3,52,46.1074826,55.41605319,56,56.8,57.08,58.27123642
Monaco,MCO,Individuals using the Internet (% of population),IT.NET.USER.ZS,0,,,,,,,,,,42.18486345,46.64614236,48.04711717,49.49116892,52.49019668,55.46482606,61.47603971,64.3776824,67.25,70.1,75,80.3,87,90.7,92.4,93.36330202,95.20817797
Moldova,MDA,Individuals using the Internet (% of population),IT.NET.USER.ZS,0,,,,0.000825391,0.003457217,0.004643901,0.028128808,0.260818206,0.600695269,1.282846417,1.487812952,3.787242799,7.407544584,10.62939084,14.63027046,19.62064771,20.45,23.39,27.5,32.3,38,43.37,45,46.6,63.30662538,70.99999911
Madagascar,MDG,Individuals using the Internet (% of population),IT.NET.USER.ZS,0,,,,,,0.003695196,0.014333647,0.062561023,0.168608781,0.196394691,0.222511586,0.339720155,0.423252419,0.525353655,0.567721802,0.607552239,0.65,1.65,1.63,1.7,1.9,2.3,3,3.7,4.17397219,4.713662899
Maldives,MDV,Individuals using the Internet (% of population),IT.NET.USER.ZS,0,0,0,0,0,0,0.22693009,0.309444238,0.569627464,1.119908615,2.203872939,3.617290649,5.347765169,5.97659285,6.588254875,6.869605067,11.03635278,16.3,23.2,24.8,26.53,34,38.9301,44.1,49.28,54.46195515,59.09258997
Middle East & North Africa,MEA,Individuals using the Internet (% of population),IT.NET.USER.ZS,0.00196039,,,,,0.037143854,0.084423366,0.227743979,0.487321735,0.918917804,1.693012704,2.076649891,3.757208895,5.12923074,8.351298094,9.753068168,11.79240226,15.04136038,18.73683788,21.59770331,24.8526292,27.78422129,31.56337525,35.24979824,40.13850778,44.23181927,47.62141675
Mexico,MEX,Individuals using the Internet (% of population),IT.NET.USER.ZS,0,0.005880695,0.01730781,0.028305042,0.043339167,0.10256419,0.20040628,0.62731154,1.265783278,1.857436221,5.081384153,7.038023117,11.9,12.9,14.1,17.21,19.52,20.81,21.71,26.34,31.05,37.17629541,39.75,43.46,44.39,57.43104299,59.540446
Marshall Islands,MHL,Individuals using the Internet (% of population),IT.NET.USER.ZS,0,0,0,0,0,0,0.037059432,,,0.966071567,1.534271796,1.706614078,2.335444575,2.569750367,3.599776814,3.878702398,3.795590214,3.95,4.6,5.6,7,10,12.5,14,16.8,19.2824418,29.78777936
Middle income,MIC,Individuals using the Internet (% of population),IT.NET.USER.ZS,0,,,0.006225631,0.014265204,0.04036174,0.085235844,0.169864959,0.390258931,0.778700073,1.574868034,2.238747103,3.766244053,4.940741055,6.34087366,7.508455117,9.228078054,12.06616399,14.93111304,17.89274502,21.89184648,25.05635911,28.50888106,31.47733407,35.08866083,38.89974372,41.92619864
"Macedonia, FYR",MKD,Individuals using the Internet (% of population),IT.NET.USER.ZS,0,,,,,0.04074384,0.075995734,0.503985009,1.002861666,1.49733026,2.485566316,3.468184608,17.33,19.07,24.44,26.45,28.62,36.3,46.04,51.77,51.9,56.7,57.44994731,65.24,68.06,70.3802,72.15681447
Mali,MLI,Individuals using the Internet (% of population),IT.NET.USER.ZS,0,,,,,,0.002055228,0.010085919,0.019793888,0.060909873,0.142545755,0.185897413,0.227045578,0.310364443,0.43281964,0.507063136,0.729627281,0.81,1.57,1.8,2,2.2,2.8,3.5,7,10.33,11.11218649
Malta,MLT,Individuals using the Internet (% of population),IT.NET.USER.ZS,0,,,,,0.224995699,1.051527475,3.920605132,6.500783995,7.759798038,13.11370871,17.87784832,28.92,31.64,34.62,41.24,40.41,46.9,50.08,58.86,63,68.01982379,68.19987429,68.9138,73.17,76.184,77.28939482
Myanmar,MMR,Individuals using the Internet (% of population),IT.NET.USER.ZS,0,,,,,,,,,0.000151709,,0.000289277,0.000426494,0.024064149,0.024337392,0.065238856,0.182048331,0.217128445,0.22,0.22,0.25,0.98,4,8,11.52,21.72583401,25.07330424
Middle East & North Africa (excluding high income),MNA,Individuals using the Internet (% of population),IT.NET.USER.ZS,0,,,,0.002825689,0.013144059,0.025890086,0.074451528,0.158224277,0.416626605,0.842207742,1.141369247,2.816710081,4.050096396,7.416945667,8.539218726,9.912249749,11.84823861,14.96713748,17.67142463,20.61891636,22.86862172,26.13501199,29.65809784,34.68657587,39.01007003,42.46758114
Montenegro,MNE,Individuals using the Internet (% of population),IT.NET.USER.ZS,,,,,,,,,,,,,,,25.3500686,27.1,28.9,30.8,32.9,35.1,37.5,35.61154125,56.83878255,60.31,61,68.11958104,69.88164684
Mongolia,MNG,Individuals using the Internet (% of population),IT.NET.USER.ZS,0,,,,,0.008811225,0.018160749,0.112742554,0.145810542,0.50847156,1.255652004,1.653238239,2.039572603,,,,,9,9.8,10,10.2,12.49999111,16.4,17.69998424,19.94244743,21.43603111,22.2657705
Northern Mariana Islands,MNP,Individuals using the Internet (% of population),IT.NET.USER.ZS,0,,,,,,,,,,,,,,,,,,,,,,,,,,
Mozambique,MOZ,Individuals using the Internet (% of population),IT.NET.USER.ZS,0,,,,,,0.003042979,0.011842611,0.020197055,0.056250629,0.10959253,0.160031947,0.259612611,0.419538844,0.679447835,0.854357118,0.842954488,0.91,1.56,2.68,4.17,4.3,6,7.29393733,9.236314896,16.93353299,17.52123909
Mauritania,MRT,Individuals using the Internet (% of population),IT.NET.USER.ZS,0,,,,,,,0.004172527,0.040594795,0.118464464,0.192031462,0.261448552,0.363229415,0.424004896,0.481470438,0.669966475,0.979661253,1.433613196,1.87,2.28,4,4.5,5,6.2,10.7,15.19912669,18
Mauritius,MUS,Individuals using the Internet (% of population),IT.NET.USER.ZS,0,,,,,,0.183769158,0.475629193,2.565279962,4.652213227,7.281535115,8.780904019,10.25262467,12.1871062,13.68908859,15.17222875,16.7,20.22,21.81,22.51,28.33,34.95,35.42,40.11682514,44.80327537,50.13931848,53.22617811
Malawi,MWI,Individuals using the Internet (% of population),IT.NET.USER.ZS,0,,,,,,,0.004668518,0.018057365,0.087278755,0.126780945,0.164020725,0.215094727,0.278815116,0.347505335,0.384489334,0.42513749,0.965864737,0.7,1.07,2.26,3.33,4.3506,5.05,5.83,9.298148347,9.614097296
Malaysia,MYS,Individuals using the Internet (% of population),IT.NET.USER.ZS,0,,0.001047822,0.025538478,0.099607417,0.145673837,0.852044466,2.307393234,6.751770483,12.3055022,21.38473116,26.6959725,32.33820434,34.97115234,42.25226563,48.62917025,51.63798899,55.7,55.8,55.9,56.3,61,65.8,57.05751226,63.66542588,71.06406781,78.78830993
North America,NAC,Individuals using the Internet (% of population),IT.NET.USER.ZS,0.743037088,1.104950936,1.64464582,2.164532216,4.617876749,8.73682317,15.46949977,20.97513407,29.58557051,35.88247998,43.87937411,50.16202125,59.05719689,61.93974087,64.87424722,68.32787479,69.27045383,74.82360509,74.26650299,71.91664651,72.54048364,71.04254959,75.5235834,72.83028818,74.40481529,75.94103574,77.54041038
Namibia,NAM,Individuals using the Internet (% of population),IT.NET.USER.ZS,0,,,,,0.006172051,0.009032145,0.058750679,0.286745093,0.336217708,1.644739547,2.416979442,2.633699769,3.359839886,3.804715615,4.010046644,4.398870647,4.835610778,5.329003772,6.5,11.6,12,12.9414,13.9,14.84,25.68785182,31.03334594
New Caledonia,NCL,Individuals using the Internet (% of population),IT.NET.USER.ZS,0,,,,,0.005179013,0.252983946,0.989334969,1.936042825,5.688147323,13.93954882,18.23710978,22.38979742,26.40833447,30.29804621,32.35901475,33.51571468,35.05,34.51,33.99,42,50,58,66,70,74.00175279,
Niger,NER,Individuals using the Internet (% of population),IT.NET.USER.ZS,0,,,,,,0.001039305,0.002008766,0.002911503,0.028136022,0.036261294,0.105185431,0.127152469,0.155698704,0.189933734,0.221341351,0.294033977,0.39039062,0.7,0.76,0.83,1.3,1.4077,1.7,1.95,2.476219975,4.32275803
Nigeria,NGA,Individuals using the Internet (% of population),IT.NET.USER.ZS,0,,,,,,0.00883298,0.017237401,0.025231461,0.041038723,0.064080808,0.08990137,0.320461976,0.558576245,1.286137641,3.549155718,5.545036083,6.77,8,9.3,11.5,13.8,16.1,19.1,21,24.5,25.67
Nicaragua,NIC,Individuals using the Internet (% of population),IT.NET.USER.ZS,0,,,,0.013166228,0.030046478,0.084093291,0.206216818,0.303808975,0.497901643,0.980216487,1.448799428,1.714729584,1.880412532,2.320664609,2.566351177,2.805573063,3.9,5.3,7.3,10,10.6,13.5,15.5,17.6,19.7042915,24.57183396
Netherlands,NLD,Individuals using the Internet (% of population),IT.NET.USER.ZS,0.334386942,0.531496128,1.320008028,1.967087737,3.257308831,6.47315766,9.649069145,14.0655114,22.24382769,39.17600725,43.98435137,49.37306211,61.29,64.35,68.52,81,83.7,85.82,87.42,89.63,90.72,91.41999576,92.85999236,93.9564,91.666666,91.72413793,90.4109589
Norway,NOR,Individuals using the Internet (% of population),IT.NET.USER.ZS,0.707299448,1.407395158,2.216365832,2.783990846,4.152450292,6.423220493,18.25031077,20.41788144,22.56011255,40,52,64,72.84,78.13,77.69,81.99,82.55,86.93,90.57,92.08,93.39,93.48998265,94.64997805,95.0534,96.3,96.8103,97.29820367
Nepal,NPL,Individuals using the Internet (% of population),IT.NET.USER.ZS,0,0,0,0,0,0.000924878,0.004510473,0.021998858,0.064393596,0.146668869,0.204651684,0.240015303,0.31295606,0.382810917,0.449843651,0.826551266,1.141389164,1.41,1.73,1.97,7.93,9,11.1493,13.3,15.44,17.58161801,19.68876384
Nauru,NRU,Individuals using the Internet (% of population),IT.NET.USER.ZS,0,,,,,,,,,,,2.987155233,,,,,,,,,,54,,,,,
New Zealand,NZL,Individuals using the Internet (% of population),IT.NET.USER.ZS,0,,0.285941241,0.631215367,3.168718848,4.88424078,8.041899368,14.6015244,31.63626081,41.49448266,47.37955654,53.24101529,59.08075328,60.96253987,61.84762781,62.72021237,69,69.76,72.03,79.7,80.46,81.23,81.64447018,82.78,85.5,88.22288882,88.47018635
OECD members,OED,Individuals using the Internet (% of population),IT.NET.USER.ZS,0.245909019,0.433388348,0.667901584,0.881598473,1.777223317,3.348463076,6.107924932,9.55886835,14.30898965,20.65757942,27.88383874,33.39801691,41.52482604,45.72098464,50.52910154,54.14682857,56.60755682,61.87614113,63.91264904,65.32168712,67.62063433,68.5340433,70.94951349,72.25506662,73.85124287,76.5197458,78.58564479
Oman,OMN,Individuals using the Internet (% of population),IT.NET.USER.ZS,0,,,,,,0,0.439792805,0.862725306,2.515665987,3.520421417,5.893841521,6.873396039,7.255742945,6.75885217,6.68358142,8.299716673,16.68,20,26.8,35.8278,48,60,66.45,70.22,66.13381127,69.81521334
Other small states,OSS,Individuals using the Internet (% of population),IT.NET.USER.ZS,0,,,,,,0.859184372,1.483851161,2.53528547,3.348373675,5.393165535,6.650699183,8.61556704,10.34922584,12.14887498,12.89463375,14.27831018,16.12274541,18.77267122,20.80433099,24.40037517,28.02458555,31.35208101,36.1721608,39.89466403,43.42812715,45.59353945
Pakistan,PAK,Individuals using the Internet (% of population),IT.NET.USER.ZS,0,,,,,0.000122702,0.00299173,0.027549238,0.043947719,0.055357238,,1.318550779,2.577426737,5.041158126,6.164320985,6.332329098,6.5,6.8,7,7.5,8,9,9.96,10.9,12,14,15.51455779
Panama,PAN,Individuals using the Internet (% of population),IT.NET.USER.ZS,0,,,,0.007636899,0.056123043,0.219998526,0.539065541,2.750648071,3.836864509,6.554796477,7.268399878,8.518077815,9.987424077,11.14086254,11.48400928,17.34956617,22.29,33.82,39.08,40.1,42.7,40.30189522,44.03,44.92,51.20542499,54
Peru,PER,Individuals using the Internet (% of population),IT.NET.USER.ZS,0,,,,0.008504578,0.033412305,0.24623258,0.403429701,1.19038044,1.952497608,3.076430611,7.578762957,8.96694917,11.6,14.1,17.1,20.7,25.2,30.57,31.4,34.77,36.01,38.2,39.2,40.2,40.9,45.46174069
Philippines,PHL,Individuals using the Internet (% of population),IT.NET.USER.ZS,0,,,,0.005844253,0.028585702,0.055946029,0.136912963,1.103405994,1.431608803,1.982253196,2.52400566,4.332275746,4.857672267,5.243628452,5.397636329,5.740586325,5.97,6.22,9,25,29,36.2351,48.09902359,49.6,53.7,55.5
Palau,PLW,Individuals using the Internet (% of population),IT.NET.USER.ZS,0,,,,,,,,,,,,20.24393947,21.60152718,26.97033263,,,,,,,,,,,,
Papua New Guinea,PNG,Individuals using the Internet (% of population),IT.NET.USER.ZS,0,,,,,,0.002067023,0.100588321,0.234958542,0.667113315,0.835249302,0.904103545,1.321656935,1.374404668,1.507912772,1.716190476,1.754487261,1.790559361,1.15,1.61,1.28,2,3.5,5.1,6.5,7.9,9.601538462
Poland,POL,Individuals using the Internet (% of population),IT.NET.USER.ZS,0,0.005229468,0.052127181,0.129961704,0.389098144,0.647752333,1.295200255,2.073465474,4.102272002,5.45644373,7.285428708,9.900669707,21.15,24.87,32.53,38.81,44.58,48.6,53.13,58.97,62.32,61.94999897,62.30999727,62.8492,66.6,67.997,73.3007
Pre-demographic dividend,PRE,Individuals using the Internet (% of population),IT.NET.USER.ZS,0,,,,,,0.004823667,0.013910771,0.028447464,0.073080221,0.123098076,0.186957928,0.363542778,0.645023495,0.989968973,1.727029633,2.477131325,3.324706819,3.698280132,4.410568186,6.291068417,7.192884187,8.68208097,10.41541951,12.48772363,15.15434378,17.35439906
Puerto Rico,PRI,Individuals using the Internet (% of population),IT.NET.USER.ZS,0,,,,0.027254662,0.135102783,0.268160428,1.331822159,2.647646679,5.265682651,10.47464821,15.63003092,17.54764757,19.70702566,22.13073823,23.40005045,25.44241821,27.86,38,41.5,45.3,48,68.9999826,68.99999,76.13385972,79.46876883,80.32
"Korea, Dem. Peoples Rep.",PRK,Individuals using the Internet (% of population),IT.NET.USER.ZS,0,,,,,,,0,0,0,0,0,0,0,0,0,0,0,0,0,0,0,0,,,,
Portugal,PRT,Individuals using the Internet (% of population),IT.NET.USER.ZS,0,0.10023057,0.250426501,0.450161608,0.718905754,1.494334529,2.98087767,4.953001955,9.870446442,14.74233784,16.43046769,18.08713656,19.37,29.67,31.78,34.99,38.01,42.09,44.13,48.27,53.3,55.24999688,60.33999749,62.0956,64.59,68.6329,70.42356709
Paraguay,PRY,Individuals using the Internet (% of population),IT.NET.USER.ZS,0,,,,,,0.020359612,0.099576719,0.194904951,0.38165732,0.747630712,1.098793836,1.794969598,2.111942082,3.452438431,7.907007861,7.962073884,11.21,14.27,18.9,19.8,24.76351588,29.34,36.9,43,48.43868795,51.34987436
West Bank and Gaza,PSE,Individuals using the Internet (% of population),IT.NET.USER.ZS,0,,,,,,,,,,1.111306207,1.836854839,3.100092235,4.130616356,4.400904826,16.005,18.41,21.176,24.358,32.23,37.4,41.08,43.4,46.6,53.67,57.42419241,61.17838483
Pacific island small states,PSS,Individuals using the Internet (% of population),IT.NET.USER.ZS,0,,,,,0.021708981,0.131097922,0.285080152,0.612237965,0.87056213,1.458222094,1.860853873,3.996478139,4.548423839,5.174474906,5.582895212,6.498386173,7.397865574,8.69695568,10.87792033,12.98691854,17.67352103,20.76229881,22.07895558,24.79325106,28.0136159,30.67845658
Post-demographic dividend,PST,Individuals using the Internet (% of population),IT.NET.USER.ZS,0.272078071,0.495595022,0.777235173,1.009937628,2.013001237,3.750367105,6.82563169,10.68373347,15.921655,22.94283592,30.5723617,36.6531581,44.71575125,49.79800769,54.97633483,58.50392997,60.42210072,65.66937409,67.6511373,68.84253724,70.95460509,71.40275553,74.21812739,75.69817015,77.35743827,79.0536858,80.93904376
French Polynesia,PYF,Individuals using the Internet (% of population),IT.NET.USER.ZS,0,,,,,,0.090971944,0.21438525,1.316164696,3.448900232,6.357063545,6.251588946,8.200216486,14.12429379,17.88453743,21.54218547,25.10796425,28.59,33.87,44.6,49,49,52.87663059,56.8,60.68,64.56020975,68.44041949
Qatar,QAT,Individuals using the Internet (% of population),IT.NET.USER.ZS,0,,,,,0.190209535,0.930185833,3.083749186,3.52002985,4.070728915,4.863679179,6.170268561,10.22612893,19.24233642,20.70164785,24.73349378,28.97411271,37,44.3,53.1,69,69,69.3,85.3,91.49,92.88482645,94.29111815
Romania,ROU,Individuals using the Internet (% of population),IT.NET.USER.ZS,0,,,0.003703214,0.026300162,0.074952756,0.221622649,0.445444676,2.237649473,2.697580217,3.613717291,4.538669029,6.58,8.9,15,21.5,24.66,28.3,32.42,36.6,39.93,40.00999678,45.87999425,49.7645,54.08,55.7632,59.50395129
Russian Federation,RUS,Individuals using the Internet (% of population),IT.NET.USER.ZS,0,,0.000672532,0.013447238,0.053817493,0.148151042,0.26975293,0.472963763,0.812744451,1.018984614,1.977230109,2.944367787,4.128271818,8.298860616,12.8593889,15.2266732,18.02327746,24.66,26.83,29,43,49,63.8,67.97,70.52,73.41,76.40908522
Rwanda,RWA,Individuals using the Internet (% of population),IT.NET.USER.ZS,0,,,,,,0.000883372,0.001625791,0.011763573,0.067176482,0.06283146,0.24067241,0.292784719,0.356918467,0.430854243,0.556041165,,2.115387178,4.5,7.7,8,7,8.023854277,9,10.6,18,20
South Asia,SAS,Individuals using the Internet (% of population),IT.NET.USER.ZS,0,,0.000108983,0.000213588,0.001078738,0.02247239,0.040798701,0.060047421,0.117013678,0.226317006,0.473920912,0.663556204,1.462545237,1.843164413,2.184376036,2.546688328,2.983348306,3.973400118,4.416823408,5.157112647,7.206545642,9.393092787,11.5120098,13.74662379,19.07094498,23.18890086,26.46611335
Saudi Arabia,SAU,Individuals using the Internet (% of population),IT.NET.USER.ZS,0,,,,,0.010956134,0.026732651,0.052099031,0.101429893,0.49358534,2.210691809,4.681053166,6.38470502,8.001582891,10.234533,12.70503599,19.45955435,30,36,38,41,47.5,54,60.5,64.71365737,69.6162358,73.75090368
Sudan,SDN,Individuals using the Internet (% of population),IT.NET.USER.ZS,0,,,,0,0,0,0.001231819,0.004805071,0.008794581,0.025785032,0.140185224,0.439477639,0.538471703,0.791561615,1.292040678,,8.66,,,16.7,17.46,21,22.7,24.64,26.61492855,28
Senegal,SEN,Individuals using the Internet (% of population),IT.NET.USER.ZS,0,,,,,0.000692848,0.011238219,0.027347441,0.079871379,0.311090952,0.403967486,0.983794059,1.006454537,2.10143643,4.38602398,4.786684083,5.611738652,6.89,7.12,7.5,8,9.8,10.8,13.1,17.7,21.69026413,25.66476804
Singapore,SGP,Individuals using the Internet (% of population),IT.NET.USER.ZS,0,0.161504498,0.471368155,0.763278139,1.185203797,2.873418722,8.34995903,13.47162042,19.59076716,24.15543693,36,41.67042518,47,53.83794329,62,61,59,69.9,69,69,71,71,72,80.90205685,79.02923586,79.012957,81
Solomon Islands,SLB,Individuals using the Internet (% of population),IT.NET.USER.ZS,0,,,,,0.02487191,0.268683585,0.391923246,0.508292797,0.494541498,0.481296806,0.468551964,0.501919843,0.555609882,0.649672673,0.844307573,1.646347989,2,3,4,5,6,6.9974,8,9,10.00046498,11.00090227
Sierra Leone,SLE,Individuals using the Internet (% of population),IT.NET.USER.ZS,0,,,0,0,0,0.002506116,0.004987835,0.014805065,0.048490656,0.118254246,0.160264445,0.176198957,0.190173282,0.203007681,0.21539161,0.227669467,0.239834699,0.25,0.26,0.58,0.9,2.5,4,6.057298984,6.344421603,11.77318438
El Salvador,SLV,Individuals using the Internet (% of population),IT.NET.USER.ZS,0,,,,,,0.086389581,0.256960679,0.425253672,0.845428741,1.177397269,1.5,1.9,2.5,3.2,4.2,5.5,6.11,10.08,12.11,15.9,18.9,20.32138772,23.1093,24.76171215,26.80260496,28.99707305
San Marino,SMR,Individuals using the Internet (% of population),IT.NET.USER.ZS,0,,,,,1.362132711,1.428075186,1.41854848,1.408557941,42.80331575,48.79949531,50.34166909,50.83483994,50.00345304,50.56634304,50.2595642,50.20865936,50.36482211,54.52,54.21,,49.6,,,,,
Somalia,SOM,Individuals using the Internet (% of population),IT.NET.USER.ZS,0,,,,,0,0.00150955,0.002948713,0.00716442,0.013910394,0.02,0.079039179,0.115614213,0.376198003,1.053454744,1.077327839,1.100216368,1.122235622,1.142687372,1.160610542,,1.25,1.3767,1.5,1.63,1.76,1.88
Serbia,SRB,Individuals using the Internet (% of population),IT.NET.USER.ZS,,,,,,,,,,,,,,,23.5,26.3,27.2,33.15,35.6,38.1,40.9,42.2,48.1,53.45036418,62.07508046,65.3170254,67.05684137
Sub-Saharan Africa (excluding high income),SSA,Individuals using the Internet (% of population),IT.NET.USER.ZS,0,,,,,,0.068642756,0.128634992,0.233707081,0.358971873,0.500288947,0.641008944,0.827518247,1.107653467,1.503376167,2.041749965,2.720841374,3.498191793,3.912949364,4.647590094,7.151372933,8.486197559,10.36245919,12.41327101,14.76640037,17.75216968,19.99510048
South Sudan,SSD,Individuals using the Internet (% of population),IT.NET.USER.ZS,,,,,,,,,,,,,,,,,,,,,,,,3.829969245,4.51615373,5.5,6.679728051
Sub-Saharan Africa,SSF,Individuals using the Internet (% of population),IT.NET.USER.ZS,0,,,,,,0.068722178,0.128779789,0.233989844,0.359684995,0.501116248,0.642242042,0.829108637,1.109244376,1.506041597,2.044469415,2.724794194,3.502090818,3.91717389,4.647590094,7.154989899,8.489822936,10.36621995,12.41703625,14.76994239,17.75563834,19.99849775
Small states,SST,Individuals using the Internet (% of population),IT.NET.USER.ZS,0,,,,,,0.723185979,1.260767272,2.256958422,3.181450495,5.01059322,6.696807721,8.945160131,10.86082264,12.62351396,13.69096006,15.31549251,17.31042684,19.97365678,22.44019508,25.95945842,30.23124678,32.95249569,37.12852999,40.64584185,43.89623664,46.22254884
Sao Tome and Principe,STP,Individuals using the Internet (% of population),IT.NET.USER.ZS,0,,,,,,,,0.295847047,0.363203161,4.638516816,6.310917888,7.580665169,10.16184431,13.32285269,13.75948422,14.18201978,14.5904832,15.48,16.41,18.75,20.1612,21.5724,23,24.41,25.82,28
Suriname,SUR,Individuals using the Internet (% of population),IT.NET.USER.ZS,0,,,,,0.114720735,0.226306297,1.003086936,1.670148436,1.891871357,2.506411052,3.064448389,4.161568745,4.719875395,6.076047814,6.403086288,9.499626942,14.11,21.06,31.36,31.59,32,34.6812,37.4,40.08,42.76382778,45.4
Slovak Republic,SVK,Individuals using the Internet (% of population),IT.NET.USER.ZS,0,,,0.127829232,0.318509704,0.523210163,0.783290109,1.173381014,2.689809786,5.437758139,9.426803201,12.52832185,40.14,43.04,52.89,55.19,56.08,61.8,66.05,70,75.71,74.43999717,76.70999012,77.8826,79.98,77.6347,80.4759
Slovenia,SVN,Individuals using the Internet (% of population),IT.NET.USER.ZS,0,,,0.409792399,1.071570172,2.898985609,5.072272271,7.591923004,10.10460285,12.61093843,15.11025956,30.17591047,27.83888542,31.85479301,40.81,46.81,54.01,56.74,58,64,70,67.33999481,68.34997453,72.6756,71.59,73.0987,75.49850426
Sweden,SWE,Individuals using the Internet (% of population),IT.NET.USER.ZS,0.584192066,1.160519453,1.497871352,1.716364182,3.412810096,5.098024244,9.04359976,23.72794756,33.46751233,41.43278316,45.68765221,51.76566494,70.57,79.13,83.89,84.83,87.76,82.01,90,91,90,92.76998606,93.17998801,94.7836,92.52,90.6102,91.50682826
Swaziland,SWZ,Individuals using the Internet (% of population),IT.NET.USER.ZS,0,,,,,0.00103175,0.050399009,0.088545986,0.096099605,0.4707176,0.926191777,1.28159005,1.816203807,2.437073851,3.228685073,3.696961073,3.696538789,4.1,6.85,8.94,11.04,18.13,20.78178258,24.7,26.17500573,25.64304231,28.57352278
Sint Maarten (Dutch part),SXM,Individuals using the Internet (% of population),IT.NET.USER.ZS,,,,,,,,,,,,,,,,,,,,,,,,,,,
Seychelles,SYC,Individuals using the Internet (% of population),IT.NET.USER.ZS,0,,,,,,0.651474286,1.28295593,2.526177514,6.229054803,7.395629183,11.01510293,14.30417083,14.59250432,24.27213922,25.41326815,34.95197117,38.38,40.44,,41,43.16400446,47.076,50.4,51.25470199,54.25961786,56.51470815
Syrian Arab Republic,SYR,Individuals using the Internet (% of population),IT.NET.USER.ZS,0,0,0,0,0,0,0,0.032607814,0.063687286,0.124295462,0.18169858,0.35375913,2.093101019,3.397972614,4.321593778,5.648106049,7.832551569,11.5,14,17.3,20.7,22.5,24.3001,26.2,28.09,29.97979724,31.86962727
Turks and Caicos Islands,TCA,Individuals using the Internet (% of population),IT.NET.USER.ZS,0,,,,,,,,,,,,,,,,,,,,,,,,,,
Chad,TCD,Individuals using the Internet (% of population),IT.NET.USER.ZS,0,,,,,,,0.000658168,0.004268504,0.012321728,0.035707076,0.045934134,0.166069665,0.320308555,0.360920107,0.3992577,0.581045764,0.847224521,1.19,1.5,1.7,1.9,2.1,2.5,2.9,3.5,5
East Asia & Pacific (IDA & IBRD countries),TEA,Individuals using the Internet (% of population),IT.NET.USER.ZS,0,,,0.001162404,0.004032795,0.013044957,0.033709224,0.095487869,0.32837975,0.864120813,1.921721494,2.814188079,4.46079753,5.835218074,6.972645946,8.424335729,10.3024293,14.56366115,19.5018491,24.06671164,29.31896116,32.7888246,36.51603576,39.70893331,42.06223367,45.21010263,48.38662069
Europe & Central Asia (IDA & IBRD countries),TEC,Individuals using the Internet (% of population),IT.NET.USER.ZS,0,,,0.024341041,0.076628076,0.146561987,0.299732725,0.536682268,1.021316108,1.530488031,2.496701747,3.599200829,6.590833094,9.111829433,12.94057625,15.04820763,17.8307096,23.05912683,26.64793977,30.44366631,38.16688634,42.60976996,49.87290343,53.7257328,57.73570264,60.92789503,64.49600188
Togo,TGO,Individuals using the Internet (% of population),IT.NET.USER.ZS,0,0,0,0,0,0,0.010929139,0.211139465,0.305583935,0.590363264,0.8,0.9,1,1.2,1.5,1.8,2,2.2,2.4,2.6,3,3.5,4,4.5,5.7,7.12,11.31
Thailand,THA,Individuals using the Internet (% of population),IT.NET.USER.ZS,0,5.22E-05,0.000343725,0.013580966,0.038614321,0.074825338,0.115472136,0.360522185,1.091218985,2.426242432,3.689041279,5.556326121,7.531250335,9.299027238,10.67730332,15.02600436,17.16071472,20.03,18.2,20.1,22.4,23.66992562,26.46,28.94,34.89,39.31612674,47.50496562
Tajikistan,TJK,Individuals using the Internet (% of population),IT.NET.USER.ZS,0,,,,,,,,,0.032791858,0.048599595,0.051259133,0.055462827,0.064583777,0.077479907,0.298690024,3.772406207,7.197619518,8.78,10.07,11.55,13.03,14.51,16,17.49,18.98,20.47
Turkmenistan,TKM,Individuals using the Internet (% of population),IT.NET.USER.ZS,0,,,,,,,,,0.04502077,0.133282183,0.175209518,0.302132016,0.425182632,0.754053983,0.997256559,1.319573118,1.406360688,1.75,1.95,3,5,7.1958,9.6,12.2,14.99677482,17.99032446
Latin America & the Caribbean (IDA & IBRD countries),TLA,Individuals using the Internet (% of population),IT.NET.USER.ZS,0,,0.013685007,0.02991108,0.05004422,0.111169526,0.313095565,0.61444231,1.238504815,2.063132455,3.921660755,5.664641616,8.91296822,11.33053915,14.44717799,16.69721392,20.89217131,23.89436944,26.66732789,31.27015221,34.98117776,39.70452116,43.40276067,46.43031524,48.92990336,54.40667373,56.51407321
Timor-Leste,TLS,Individuals using the Internet (% of population),IT.NET.USER.ZS,0,,,,,,,,,,,,0,,,0.099031768,0.5,1,1.5,2,3,4,7,11,17.5,23,25.24624959
Middle East & North Africa (IDA & IBRD countries),TMN,Individuals using the Internet (% of population),IT.NET.USER.ZS,0,,,,0.002825689,0.013144059,0.025890086,0.074451528,0.158224277,0.416626605,0.838755953,1.133143863,2.813341422,4.049137071,7.452944206,8.449838595,9.810043372,11.73540205,14.85277889,17.4928668,20.41158945,22.64191694,25.91433409,29.44375627,34.44438149,38.77314027,42.22477835
Tonga,TON,Individuals using the Internet (% of population),IT.NET.USER.ZS,0,,,,,0.12323112,0.163793456,0.510866122,0.765134358,1.01796712,2.434398044,2.825371839,2.907297316,2.985817368,3.952373895,4.907782762,5.853944095,7.179865329,8.110769944,10,16,25,30,32.75396061,35.95444145,38.65127243,39.95
South Asia (IDA & IBRD),TSA,Individuals using the Internet (% of population),IT.NET.USER.ZS,0,,0.000108983,0.000213588,0.001078738,0.02247239,0.040798701,0.060047421,0.117013678,0.226317006,0.473920912,0.663556204,1.462545237,1.843164413,2.184376036,2.546688328,2.983348306,3.973400118,4.416823408,5.157112647,7.206545642,9.393092787,11.5120098,13.74662379,19.07094498,23.18890086,26.46611335
Sub-Saharan Africa (IDA & IBRD countries),TSS,Individuals using the Internet (% of population),IT.NET.USER.ZS,0,,,,,,0.068722178,0.128779789,0.233989844,0.359684995,0.501116248,0.642242042,0.829108637,1.109244376,1.506041597,2.044469415,2.724794194,3.502090818,3.91717389,4.647590094,7.154989899,8.489822936,10.36621995,12.41703625,14.76994239,17.75563834,19.99849775
Trinidad and Tobago,TTO,Individuals using the Internet (% of population),IT.NET.USER.ZS,0,,,,,0.158149899,0.393080525,1.173174658,2.724825339,5.814250962,7.721411474,15.38462722,21.99867548,25.97176411,27.02427008,28.97671243,30.00374858,32.3,34.8,44.3,48.5,55.2,59.5162,63.8,65.1,69.19847061,73.29694122
Tunisia,TUN,Individuals using the Internet (% of population),IT.NET.USER.ZS,0,,,,0.007379544,0.011191954,0.027615372,0.043656974,0.107940957,1.602494764,2.750740293,4.297966035,5.252887295,6.490845795,8.528817752,9.655086542,12.98640865,17.1,27.53,34.07,36.8,39.1,41.4416,43.8,46.16,48.51983599,50.87967502
Turkey,TUR,Individuals using the Internet (% of population),IT.NET.USER.ZS,0,,,0.008457732,0.049869182,0.081691205,0.192724936,0.473695432,0.698805129,2.292117685,3.761685035,5.189481461,11.38,12.33,14.58,15.46,18.24,28.63,34.37,36.4,39.82,43.06571043,45.13,46.25,51.04,53.74497914,58.34773401
Tuvalu,TUV,Individuals using the Internet (% of population),IT.NET.USER.ZS,0,,,,,,,,,,5.241639585,,,,,,,10,15,20,25,30,35,37,39.2,42.7,46.00915151
Tanzania,TZA,Individuals using the Internet (% of population),IT.NET.USER.ZS,0,,,,,,0.001622155,0.007900283,0.009244125,0.075130889,0.11719444,0.171300351,0.222484414,0.676962857,0.877574971,1.1,1.3,1.6,1.9,2.4,2.9,3.2,3.95,4.4,7,10,13
Uganda,UGA,Individuals using the Internet (% of population),IT.NET.USER.ZS,0,,,,,0.002863471,0.004625948,0.010319341,0.065289465,0.10554394,0.163714063,0.237945087,0.384093505,0.46484984,0.71997068,1.742205503,2.529363038,3.671965351,7.9,9.78,12.5,13.01354333,14.1,15.5,16.9,17.83485947,21.87617046
Ukraine,UKR,Individuals using the Internet (% of population),IT.NET.USER.ZS,0,,,0.00077697,0.013641246,0.043083985,0.098580381,0.198821885,0.301075792,0.405385448,0.716183762,1.238759547,1.873885116,3.148127588,3.489477881,3.749764415,4.506124564,6.55,11,17.9,23.3,28.70826284,35.27,40.954129,46.23597546,48.88464368,52.48180829
Upper middle income,UMC,Individuals using the Internet (% of population),IT.NET.USER.ZS,0,,,0.009508612,0.022372882,0.054527158,0.12668712,0.262429739,0.617337584,1.285019341,2.531929732,3.638329446,6.005466431,7.909314708,9.946611326,11.5671719,14.08811793,18.75267674,23.49378321,28.50372102,33.88045575,38.14851008,42.75353492,46.18498262,49.02025566,52.56886269,55.69540778
Uruguay,URY,Individuals using the Internet (% of population),IT.NET.USER.ZS,0,,,,0.062474386,0.310128582,1.847472089,3.363239668,6.987069365,9.972765285,10.53905775,11.12143768,11.4194702,15.93713672,17.06309834,20.08818956,29.4,34,39.3,41.8,46.4,51.40466106,54.45376868,57.69,61.46,64.6,66.4
United States,USA,Individuals using the Internet (% of population),IT.NET.USER.ZS,0.784728502,1.163193726,1.724202539,2.271673294,4.862780635,9.237088297,16.41935296,21.61640097,30.09319659,35.84872446,43.07916264,49.08083159,58.78540388,61.69711712,64.75825648,67.96805292,68.93119327,75,74,71,71.69,69.72946076,74.7,71.4,73,74.55420245,76.17673698
Uzbekistan,UZB,Individuals using the Internet (% of population),IT.NET.USER.ZS,0,,,,,0.001527093,0.004285074,0.010536935,0.020754437,0.030688343,0.484347308,0.597567994,1.081939742,1.912595178,2.593725421,3.343509888,6.388321967,7.490604681,9.080114523,11.9,15.9,18.6,23.6,26.8,35.5,42.8,46.79128694
St. Vincent and the Grenadines,VCT,Individuals using the Internet (% of population),IT.NET.USER.ZS,0,,,,,0.128634622,0.483248317,0.926371957,1.853997683,2.7820023,3.245037411,5.094809778,5.54959488,6.462274167,7.371165842,9.198278082,12,16,21,31,33.7,36.7,40,43.5,47.4,51.77,55.57461942
"Venezuela, RB",VEN,Individuals using the Internet (% of population),IT.NET.USER.ZS,0,,0.012082134,0.041587233,0.055486978,0.122214848,0.24826058,0.390959318,1.383990391,2.839825767,3.359597465,4.636000948,4.910446327,7.499963465,8.404469592,12.55299791,15.22471148,20.83,25.88,32.7,37.37,40.22,49.05008307,54.9,57,61.86924809,60
British Virgin Islands,VGB,Individuals using the Internet (% of population),IT.NET.USER.ZS,0,,,,,,,,,,,,18.88574127,,,,,,,36,37,37.4,37.6,,,,
Virgin Islands (U.S.),VIR,Individuals using the Internet (% of population),IT.NET.USER.ZS,0,,,,0.940645283,2.801957634,4.647185664,6.948368986,9.245220221,11.07460593,13.81508054,18.37576604,27.49443238,27.42907299,27.37700879,27.34431967,27.33261054,27.33933584,27.36177742,27.39650968,31.22,35.6,40.5479,45.3,50.07,54.8391373,59.6083158
Vietnam,VNM,Individuals using the Internet (% of population),IT.NET.USER.ZS,0,,,,,,0.000134813,0.003981962,0.013078543,0.128926663,0.254248276,1.265651236,1.854999236,3.780280814,7.642408528,12.73992929,17.25456172,20.75544477,23.92,26.55,30.65,35.07,36.8,38.5,41,43.5,46.5
Vanuatu,VUT,Individuals using the Internet (% of population),IT.NET.USER.ZS,0,,,,,,0.056845636,0.139505815,0.274185942,0.538300048,2.108336891,2.830572239,3.510038711,3.903295845,4.746602619,5.082333808,5.850585059,6.8,7.269119923,7.5,8,9.2,10.598,11.3,18.8,22.35140458,24
World,WLD,Individuals using the Internet (% of population),IT.NET.USER.ZS,0.049687441,,,0.253542998,0.449974396,0.782327829,1.334137858,2.052662966,3.156366445,4.653865215,6.770066508,8.095458177,10.57978773,12.27528335,14.17277668,15.78830954,17.58107611,20.51262307,23.06702536,25.48700486,28.85404589,31.275521,34.34096965,36.88529875,39.93869834,43.19845629,45.91028204
Samoa,WSM,Individuals using the Internet (% of population),IT.NET.USER.ZS,0,,,,,,,0.174571863,0.230359015,0.285308333,0.566392533,1.689902831,2.244832676,2.799630449,3.07552941,3.352592112,4.469173873,4.749983235,5.031615316,6,7,11,12.92249,15.3,21.2,25.40700977,29.41173011
Kosovo,XKX,Individuals using the Internet (% of population),IT.NET.USER.ZS,,,,,,,,,,,,,,,,,,,,,,,,,,,
"Yemen, Rep.",YEM,Individuals using the Internet (% of population),IT.NET.USER.ZS,0,,,,,,0.000621081,0.015025295,0.023323243,0.056628675,0.082500387,0.090802459,0.518796032,0.6047341,0.881222989,1.048597934,1.247824049,5.01,6.89,9.96,12.35,14.905,17.4465,20,22.55,24.08540947,24.57920836
South Africa,ZAF,Individuals using the Internet (% of population),IT.NET.USER.ZS,0,0.013283591,0.038869106,0.113747184,0.246905533,0.676740104,0.841882931,1.632093791,2.906220867,4.116249583,5.348559732,6.346619318,6.710322437,7.007691726,8.425118683,7.48854253,7.607139675,8.065375174,8.43,10,24,33.97,41,46.5,49,51.91911572,54
Zambia,ZMB,Individuals using the Internet (% of population),IT.NET.USER.ZS,0,,,,0.006776105,0.008783623,0.009069176,0.009329658,0.030226183,0.147053172,0.191071643,0.233129556,0.477750907,0.980483039,2.013549532,2.851752261,4.159913394,4.87,5.55,6.31,10,11.5,13.4682,15.4,19,21,25.50657885
Zimbabwe,ZWE,Individuals using the Internet (% of population),IT.NET.USER.ZS,0,,,,0.00173928,0.00768354,0.016790484,0.033080327,0.081648476,0.161675528,0.401433535,0.799846046,1.1,1.8,2.1,2.4,2.4,3,3.5,4,6.4,8.4,12,15.5,16.36473996,22.7428181,23.11998904